ID,名前,年齢,都市,性別,電話番号
1,中村美穂,48,京都,女,090-1234-5678
2,山本健,35,札幌,女,080-5678-9012
3,鈴木一郎,25,神戸,女,070-3456-7890
4,山本健,47,京都,女,070-3456-7890
5,渡辺翔太,58,札幌,男,090-4567-8901
6,渡辺翔太,36,札幌,女,070-3456-7890
7,中村美穂,39,京都,男,090-4567-8901
8,渡辺翔太,29,札幌,男,070-3456-7890
9,中村美穂,40,名古屋,男,070-3456-7890
10,伊藤杏奈,55,神戸,女,070-3456-7890
11,小林颯太,51,神戸,男,080-5678-9012
12,山本健,48,大阪,女,090-4567-8901
13,高橋美咲,54,東京,男,090-4567-8901
14,田中太郎,29,大阪,女,090-1234-5678
15,高橋美咲,42,広島,男,090-4567-8901
16,加藤裕子,53,大阪,男,070-3456-7890
17,山本健,38,名古屋,男,080-5678-9012
18,伊藤杏奈,25,福岡,女,080-2345-6789
19,渡辺翔太,54,京都,男,080-2345-6789
20,中村美穂,36,札幌,男,090-4567-8901
21,鈴木一郎,53,福岡,女,080-5678-9012
22,伊藤杏奈,30,京都,男,090-1234-5678
23,加藤裕子,55,東京,男,080-2345-6789
24,山本健,54,福岡,男,090-4567-8901
25,加藤裕子,56,大阪,女,080-2345-6789
26,高橋美咲,42,横浜,女,090-1234-5678
27,伊藤杏奈,45,大阪,男,090-1234-5678
28,渡辺翔太,55,横浜,男,070-3456-7890
29,中村美穂,27,仙台,女,090-1234-5678
30,高橋美咲,28,神戸,男,090-4567-8901
31,中村美穂,27,横浜,男,080-5678-9012
32,山本健,53,福岡,女,070-3456-7890
33,佐藤花子,47,東京,女,090-4567-8901
34,小林颯太,46,札幌,男,080-5678-9012
35,佐藤花子,51,東京,女,080-5678-9012
36,鈴木一郎,23,横浜,男,080-5678-9012
37,伊藤杏奈,52,名古屋,男,090-1234-5678
38,加藤裕子,29,札幌,女,080-5678-9012
39,渡辺翔太,55,名古屋,女,070-3456-7890
40,鈴木一郎,59,仙台,女,080-2345-6789
41,佐藤花子,44,福岡,女,090-1234-5678
42,山本健,51,京都,女,090-4567-8901
43,小林颯太,41,大阪,女,090-4567-8901
44,伊藤杏奈,26,札幌,男,090-1234-5678
45,渡辺翔太,46,東京,女,080-2345-6789
46,中村美穂,43,名古屋,男,080-5678-9012
47,田中太郎,39,神戸,男,090-4567-8901
48,高橋美咲,47,大阪,男,090-4567-8901
49,鈴木一郎,30,横浜,男,070-3456-7890
50,鈴木一郎,54,仙台,女,080-2345-6789
51,加藤裕子,35,福岡,男,090-1234-5678
52,加藤裕子,41,大阪,女,090-4567-8901
53,中村美穂,54,大阪,男,090-4567-8901
54,伊藤杏奈,25,仙台,女,090-1234-5678
55,中村美穂,29,東京,女,070-3456-7890
56,小林颯太,29,福岡,女,090-4567-8901
57,渡辺翔太,48,仙台,女,080-5678-9012
58,佐藤花子,53,大阪,女,080-5678-9012
59,伊藤杏奈,51,広島,男,080-2345-6789
60,小林颯太,49,東京,男,080-2345-6789
61,伊藤杏奈,31,東京,男,090-1234-5678
62,高橋美咲,29,広島,女,080-2345-6789
63,伊藤杏奈,41,東京,女,090-1234-5678
64,伊藤杏奈,51,福岡,男,090-1234-5678
65,中村美穂,30,大阪,女,080-2345-6789
66,佐藤花子,37,広島,男,080-5678-9012
67,鈴木一郎,35,京都,女,070-3456-7890
68,小林颯太,21,札幌,男,070-3456-7890
69,加藤裕子,32,広島,女,070-3456-7890
70,加藤裕子,42,大阪,女,080-5678-9012
71,渡辺翔太,24,仙台,女,080-5678-9012
72,伊藤杏奈,44,大阪,男,080-2345-6789
73,伊藤杏奈,53,横浜,女,090-4567-8901
74,田中太郎,30,東京,女,090-1234-5678
75,加藤裕子,40,福岡,女,080-2345-6789
76,伊藤杏奈,32,仙台,女,090-1234-5678
77,渡辺翔太,58,札幌,女,090-4567-8901
78,渡辺翔太,36,京都,女,080-5678-9012
79,渡辺翔太,55,大阪,男,080-2345-6789
80,鈴木一郎,45,名古屋,女,070-3456-7890
81,佐藤花子,28,東京,女,090-1234-5678
82,伊藤杏奈,51,神戸,男,070-3456-7890
83,鈴木一郎,37,仙台,男,090-1234-5678
84,小林颯太,22,東京,女,090-1234-5678
85,佐藤花子,28,神戸,女,080-5678-9012
86,山本健,46,広島,女,080-2345-6789
87,田中太郎,31,京都,女,080-2345-6789
88,山本健,38,名古屋,女,090-4567-8901
89,小林颯太,55,神戸,男,070-3456-7890
90,加藤裕子,26,福岡,女,070-3456-7890
91,中村美穂,54,名古屋,男,070-3456-7890
92,田中太郎,48,福岡,女,090-1234-5678
93,鈴木一郎,53,京都,女,080-5678-9012
94,高橋美咲,58,神戸,女,090-4567-8901
95,佐藤花子,35,名古屋,男,080-2345-6789
96,小林颯太,41,大阪,男,080-5678-9012
97,高橋美咲,23,札幌,男,090-4567-8901
98,田中太郎,56,東京,女,070-3456-7890
99,伊藤杏奈,30,福岡,男,080-5678-9012
100,佐藤花子,47,札幌,男,080-2345-6789
